{"stat.useItem.89":30,"stat.useItem.46":64,"achievement.openInventory":414,"stat.killEntity.Sheep":1,"stat.damageDealt":3215,"stat.useItem.19":2,"stat.useItem.3":7,"stat.mineBlock.37":1,"achievement.exploreAllBiomes":{"value":0,"progress":["Taiga","Deep Ocean","Ocean","Mega Taiga Hills","Kelp Forest","Meadow","Maple Woods","Rainforest","Marsh","Ominous Woods","Meadow Forest","Magical Forest","Bayou","Mega Spruce Taiga","Beach","Mega Taiga","Lush River","Eerie","River","Coral Reef"]},"stat.mineBlock.31":94,"stat.useItem.50":44,"stat.killEntity.Cow":1,"stat.useItem.31":140,"stat.fallOneCm":20955,"stat.flyOneCm":1272074,"stat.useItem.69":3,"stat.drop":343,"stat.damageTaken":10215,"stat.useItem.88":1,"stat.useItem.4":1,"stat.useItem.76":1,"stat.leaveGame":18,"stat.diveOneCm":82710,"stat.useItem.54":2,"stat.killEntity.Spider":1,"stat.killEntity.Wolf":1,"stat.useItem.17":13,"stat.mineBlock.12":7,"stat.useItem.328":11,"stat.killEntity.Creeper":1,"stat.useItem.383":68,"stat.playOneMinute":362409,"stat.boatOneCm":2063,"stat.killEntity.Pig":4,"stat.useItem.37":1,"stat.mineBlock.18":15,"stat.entityKilledBy.Skeleton":2,"stat.deaths":25,"stat.mineBlock.3":19,"stat.useItem.58":1,"stat.swimOneCm":105643,"stat.mobKills":19,"stat.killEntity.Skeleton":2,"stat.walkOneCm":757703,"stat.playerKills":1,"stat.killEntity.Zombie":5,"stat.minecartOneCm":66422,"stat.useItem.276":3,"stat.jump":1502,"stat.entityKilledBy.Zombie":5,"stat.useItem.12":2}