{"stat.damageDealt":460,"stat.useItem.3":1,"achievement.exploreAllBiomes":{"value":0,"progress":["Extreme Hills+","Spruce Woods","Taiga","Extreme Hills","Meadow","Forest","Marsh","Meadow Forest","Mega Spruce Taiga","Bayou","Beach","Lush Swamp","Chaparral","Silkglades","Lush River","Flower Field","River","Eerie","Coral Reef","Sludgepit"]},"stat.mineBlock.31":2,"achievement.openInventory":52,"stat.killEntity.Sheep":1,"stat.fallOneCm":886,"stat.flyOneCm":386093,"stat.killEntity.Chicken":1,"stat.drop":29,"stat.damageTaken":970,"stat.playOneMinute":55832,"stat.leaveGame":9,"stat.diveOneCm":358,"stat.boatOneCm":2207,"stat.deaths":1,"stat.mineBlock.3":1,"stat.jump":107,"stat.swimOneCm":981,"stat.mobKills":3,"stat.killEntity.Skeleton":1,"stat.walkOneCm":54934,"stat.playerKills":10}